split,baseline,mse,mae,nmse,positive_window_pct,relative_nmse_improvement_pct
eval,vanilla,0.0004071573189471491,0.012052541985920269,0.6028376011436186,0.0,0.0
eval,context_forecast,0.0004442110829595816,0.013023635281974243,0.751050710198604,35.416666666666664,-24.585909832733787
eval,aggr_y,0.0008638284628267764,0.018792529397615,1.6481938172776394,25.0,-173.4059411939332
eval,bayes_context_shared,0.0004071573189471491,0.012052541985920269,0.6028376011436186,0.0,0.0
eval,oracle_context_shared,0.0003410163910525608,0.010881241529811328,0.5070416193263384,35.416666666666664,15.890843841782525
eval,catboost_context_regressor_shared,0.0004071573189471491,0.012052541985920269,0.6028376011436186,0.0,0.0
eval,bayes_aggr_y_shared,0.0004071573189471491,0.012052541985920269,0.6028376011436186,0.0,0.0
eval,oracle_aggr_y_shared,0.0003137984190653835,0.01072384305593409,0.5065676280141891,25.0,15.969470541784336
eval,catboost_aggr_y_regressor_shared,0.0003842188367280155,0.011740523027482495,0.5968200588103291,2.0833333333333335,0.9982028861295174
